{
    "id": 103271342,
    "name": "Walmart Amigo",
    "author": "forkpic",
    "creators": [],
    "verifier": "forkpic",
    "verification": "https://www.youtube.com/watch?v=T4zJ4XIM980",
    "percentToQualify": 100,
    "refreshRates": "any",
    "records": [
      
        {
            "user": "limitationn",
            "link": "https://www.youtube.com/watch?v=VE43Eou7M94",
            "percent": 100,
            "hz": 788
        },
        {
            "user": "NotDragon",
            "link": "https://www.youtube.com/watch?v=v2BChasPdLM",
            "percent": 100,
            "hz": 720
        },
        {
            "user": "Editorial", 
            "link": "https://youtu.be/QYrmAAFHiSQ",
            "percent": 100,
            "hz": 360
        },
        {
            "user": "ImGummy2",
            "link": "https://www.youtube.com/watch?v=xTmF9LdSAVk",
            "percent": 100,
            "hz": 144
        },
        {
            "user": "KazakiPL", 
            "link": "https://www.youtube.com/watch?v=RZAaIH4jmrM",
            "percent": 100,
            "hz": 144
        },
        {
            "user": "JonVinicrafts", 
            "link": "https://www.youtube.com/watch?v=Hep3lcFbphc",
            "percent": 100,
            "hz": 60
        }

          

        
    ]
}
