{
    "id": 102391369,
    "name": "Walmart Dairy Aisle",
    "author": "TacoJed",
    "creators": ["TacoJed"],
    "verifier": "TacoJed",
    "verification": "https://www.youtube.com/watch?v=wRwmeEz6ltE",
    "percentToQualify": 100,
    "refreshRates": "",
    "song-title": "  ",
    "records": [

        {
            "user": "Editorial",
            "link": "https://www.youtube.com/watch?v=Wkxy3-YRyQY&ab_channel=Editorialt&t=3m25s",
            "percent": 100,
            "hz": 360
            
        },
        {
            "user": "NotDragon",
            "link": "https://www.youtube.com/watch?v=dH_Lh5mpAdI",
            "percent": 100,
            "hz": 720
        }
    ]
}
