{
    "id": 102443419,
    "name": "Walmart Dreams",
    "author": "Tacojed",
    "creators": ["Tacojed"],
    "verifier": "Vanious",
    "verification": "https://www.youtube.com/watch?v=ZUwMO9qYC0g&ab_channel=Vanious",
    "percentToQualify": 100,
    "refreshRates": "Any (No bypass)",
    "song-title": "sweet dreams - OvOFBeats",
    "records": [
        {
            "user": "CxGD",
            "link": "https://www.youtube.com/watch?v=PwRGyMtvW6c",
            "percent": 100,
            "hz": 360
        },
        {  
            "user": "limitationn",
            "link": "https://www.youtube.com/watch?v=q8KH4YAHPR0",
            "percent": 100,
            "hz": 788
        },
        {
            "user": "NotDragon",
            "link": "https://www.youtube.com/watch?v=s8emujaXc_k",
            "percent": 100,
            "hz": 720
        },
        {
            "user": "FATN1GCA23",
            "link": "https://www.youtube.com/watch?v=H3a4_xG34TQ",
            "percent": 100,
            "hz": 360
        }
    ]
}
