{
    "id": 102390732,
    "name": "Walmart List Spam",
    "author": "TacoJed",
    "creators": [],
    "verifier": "TacoJed",
    "verification": "https://www.youtube.com/watch?v=120w4yiRW_s",
    "percentToQualify": 100,
    "refreshRates": "",
    "song-title": "MrCoolTrix - Riptide Rhythm",
    "records": [

         {
            "user": "Vanious",
            "link": "https://www.youtube.com/watch?v=_ZuTNSLTwPw",
            "percent": 100,
            "hz": 240
        },
        {
            "user": "limitationn",
            "link": "https://youtu.be/IgrjDuzU03o?si=9zxvaKg_yaO_F7SI",
            "percent": 100,
            "hz": 360
        },
        {
            "user": "ImGummy2",
            "link": "https://www.youtube.com/watch?v=m_nApyoC2yU",
            "percent": 100,
            "hz": 144
        },
        {
            "user": "DizzyFlakes",
            "link": "https://youtu.be/ss2blhGqUxU?si=AwrswLsRdSNb1JZl",
            "percent": 100,
            "hz": 300
        },
        {
            "user": "WWAlberto",
            "link": "https://youtu.be/wLy_eh3UOBw",
            "percent": 100,
            "hz": 240
        },
        {
            "user": "Eggothediego",
            "link": "https://youtu.be/Y7IhFw8jnLs?si=KaG6DI9_aUuYRfiI",
            "percent": 100,
            "hz": 60,
            "mobile": "True"
        },
        {
            "user": "Editorial",
            "link": "https://www.youtube.com/watch?v=Wkxy3-YRyQY&ab_channel=Editorialt&t=0m1s",
            "percent": 100,
            "hz": 240
        },
        {
            "user": "NotDragon",
            "link": "https://www.youtube.com/watch?v=oLXdjcASgqc",
            "percent": 100,
            "hz": 720
        },
        {
            "user": "KazakiPL", 
            "link": "https://youtu.be/WmmPIftlG_0",
            "percent": 100,
            "hz": 144
        },
        {
            "user": "yama",
            "link": "https://www.youtube.com/watch?v=8fnhCMfwdys",
            "percent": 100,
            "hz": 240
        },
        {
            "user": "zonkers",
            "link": "https://www.youtube.com/watch?v=Op2tHITXCOo",
            "percent": 100,
            "hz": 240
        }
        
      ]
}
