{
    "id": 102476581,
    "name": "Walmart Nova 2",
    "author": "TacoJed",
    "creators": [],
    "verifier": "TacoJed",
    "verification": "https://www.youtube.com/watch?v=2PLWvvdPOHo",
    "percentToQualify": 100,
    "refreshRates": "",
    "song-title": "Xtrullor - Supernova",
    "records": [
        {
            "user": "Editorial",
            "link": "https://www.youtube.com/watch?v=Wkxy3-YRyQY&ab_channel=Editorialt&t=0m48s",
            "percent": 100,
            "hz": 360
        },
        {
            "user": "NotDragon",
            "link": "https://www.youtube.com/watch?v=Gl5EDhj3jsY",
            "percent": 100,
            "hz": 720
        }
    ]
}
