
{
    "id": 102352579,
    "name": "Walmart StartPos 2",
    "author": "TacoJed",
    "creators": [],
    "verifier": "TacoJed",
    "verification": "https://www.youtube.com/watch?v=HKXCUen9Ox0",
    "percentToQualify": 100,
    "refreshRates": "",
    "song-title": "Kevin Macleod - Monkeys Spinning Monkeys",
    "records": [
        {
            "user": "Editorial",
            "link": "https://www.youtube.com/watch?v=Wkxy3-YRyQY&ab_channel=Editorialt&t=1m58s",
            "percent": 100,
            "hz": 360
        },
        {
            "user": "ri0luqy",
            "link": "https://www.youtube.com/watch?v=R00epHlXq24",
            "percent": 100,
            "hz": 240
        }
    ]
}
