{
    
    "id": 123456789,
    "name": "Walmart ",
    "author": "",
    "creators": [""],
    "verifier": "",
    "verification": "",
    "percentToQualify": 56,
    "refreshRates": "",
    "song-title": "  ",
    "song-link": "https://youtube.com/",
    "records": [
        {
            "user": "huntzz",
            "link": "https://youtu.be/aqZ20WOTfR0",
            "percent": 100,
            "hz": 360
        },

        { "user": "Editorial",
            "link": "https://youtu.be/vo0dhY6_Ibw",
            "percent": 100,
            "hz": 360
        },

          {
            "user": "Vanious",
            "link": "https://youtu.be/ygreoZDIgqg",
            "percent": 100,
            "hz": 240
        },
     {
            "user": "skiptracingclub",
            "link": "https://youtu.be/mrRiBKuSiXM",
            "percent": 100,
            "hz": 240
        },
        {
            "user": "TacoJed",
            "link": "https://www.youtube.com/watch?v=LmKY8qWEhFo",
            "percent": 100,
            "hz": 240
            "hz": 360,
            "mobile": "true"
        },
        
         {
            "user": "Editorial",
            "link": "https://youtu.be/vo0dhY6_Ibw",
            "percent": 100,
            "hz": 360,
            "mobile": "true"
        },
        {
            "user": "DizzyFlakes",
            "link": "https://youtu.be/d8Mr6S_hHmo",
            "percent": 100,
            "hz": 300
        }
    ]
}



 
