{
    "id": 101826172,
    "name": "Walmart Frozen Food",
    "author": "Editorial",
    "creators": ["Trilism"],
    "verifier": "Editorial",
    "verification": "https://www.youtube.com/watch?v=jtOdhZrDPV4&ab_channel=Editorial%5BGD%5D",
    "percentToQualify": 100,
    "refreshRates": "",
    "song-title": "Xtrullor - Disordered Worlds",
    "records": [
            {
            "user": "SlendStone",
            "link": "https://www.youtube.com/watch?v=vstqR7LKY5M",
            "percent": 100,
            "hz": 240
        }

        
    ]
}
