
{
    "id": 103593178,
    "name": "Walmart 0:48",
    "author": "Editorial",
    "creators": [],
    "verifier": "Editorial",
    "verification": "https://youtu.be/LZWAop-82bg",
    "percentToQualify": 100,
    "refreshRates": "",
    "song-title": "Dimension",
    "records": [
        {
            "user": "NotDragon",
            "link": "https://www.youtube.com/watch?v=Y2ju1c4w-ss",
            "percent": 100,
            "hz": 720
        },
        {
             "user": "zZealous",
            "link": "https://www.youtube.com/watch?v=iQUxgI-kW9E&ab_channel=zel",
            "percent": 100,
            "hz": 720
        },
        {
                         "user": "Nice0nee",
            "link": "https://www.youtube.com/watch?v=t5zuTS2aP-o",
            "percent": 100,
            "hz": 333
        }
    ]
}
