{
    "id": 103211644,
    "name": "Walmart Nayes",
    "author": "zZealous",
    "creators": ["zZealous"],
    "verifier": "huntzz",
    "verification": "https://youtu.be/XG2ZGkSM8QY",
    "percentToQualify": 100,
    "refreshRates": "240",
    "song-title": "Back on Track",
    "records": [
        {
            "user": "limitationn",
            "link": "https://youtu.be/iyp4DdTmRgQ?si=d73fM2PGViMVAehX",
            "percent": 100,
            "hz": 360
        },
        {
            "user": "NotDragon",
            "link": "https://www.youtube.com/watch?v=FjqrD8DdrnY",
            "percent": 100,
            "hz": 720
        }
    ]
}
