{
    "id": 102439478,
    "name": "Walmart 12 Gauge",
    "author": "TacoJed",
    "creators": [],
    "verifier": "TacoJed",
    "verification": "https://www.youtube.com/watch?v=8x3n8sCGqXE",
    "percentToQualify": 100,
    "refreshRates": "",
    "song-title": "  ",
    "records": [


        {
            "user": "Vanious",
            "link": "https://www.youtube.com/watch?v=mwVQtx0mqas&ab_channel=Vanious",
            "percent": 100,
            "hz": 240
        },
        {
            "user": "limitationn",
            "link": "https://www.youtube.com/watch?v=s7ElKMO9q1g",
            "percent": 100,
            "hz": 788
        },
        {
            "user": "NotDragon",
            "link": "https://www.youtube.com/watch?v=BZnO_EPzPWU",
            "percent": 100,
            "hz": 720
        }
    ]
}
