{
    "id": 102763757,
    "name": "Walmart Expired Milk",
    "author": "ImGummy2",
    "creators": [],
    "verifier": "ImGummy2",
    "verification": "https://youtu.be/86VOtnEOjZY",
    "percentToQualify": "100",
    "refreshRates": "Any",
    "song-title": "The Milky Bossa",
    "records": [
        {
            "user": "Vanious",
            "link": "https://youtu.be/uhV_NztKeqA",
            "percent": 100,
            "hz": 360
        },
        {
            "user": "Editorial",
            "link": "https://www.youtube.com/watch?v=Wkxy3-YRyQY&ab_channel=Editorialt&t=1m40s",
            "percent": 100,
            "hz": 360
            
        }
    ]
}
