{
    "id": 102396139,
    "name": "Walmart DizzyFlake",
    "author": "TacoJed",
    "creators": [],
    "verifier": "TacoJed",
    "verification": "https://www.youtube.com/watch?v=j-y-bX-pLGY",
    "percentToQualify": 100,
    "refreshRates": "Any",
    "song-title": "Death Note Dubstep (SB)",
    "records": [
        {
            "user": "DizzyFlakes",
            "link": "https://www.youtube.com/watch?v=RTbVPpulbm4",
            "percent": 100,
            "hz": 300
        },
        {
            "user": "Editorial",
            "link": "https://www.youtube.com/watch?v=Wkxy3-YRyQY&ab_channel=Editorialt&t=2m59s",
            "percent": 100,
            "hz": 360
        },
        {
            "user": "doggo136",
            "link": "https://youtu.be/wWlzgABDoSQ",
            "percent": 100,
            "hz": 360
        },
        {
            "user": "NotDragon",
            "link": "https://www.youtube.com/watch?v=7I5eVhoHnPg",
            "percent": 100,
            "hz": 360
        }
    ]
}
