{
    "id": 102488080,
    "name": "Walmart Palace",
    "author": "TacoJed",
    "creators": [],
    "verifier": "TacoJed",
    "verification": "https://www.youtube.com/watch?v=oxVhYgV3pIU",
    "percentToQualify": 100,
    "refreshRates": "",
    "song-title": "Nichibotsu",
    "records": [
        {
            "user": "DizzyFlakes",
            "link": "https://www.youtube.com/watch?v=gO8AiaRqhMk",
            "percent": 100,
            "hz": 300
        },
        {
            "user": "limitationn", 
            "link": "https://www.youtube.com/watch?v=QDnDjmwu2IU",
            "percent": 100,
            "hz": 240
        },
        {
            "user": "NotDragon", 
            "link": "https://www.youtube.com/watch?v=qkBwj8bh6C8",
            "percent": 100,
            "hz": 720
        },
        {
            "user": "Editorial", 
            "link": "https://www.youtube.com/watch?v=Wkxy3-YRyQY&ab_channel=Editorialt&t=0m16s",
            "percent": 100,
            "hz": 240
        },
        {
            "user": "KazakiPL", 
            "link": "https://www.youtube.com/watch?v=RmiNymt5O88",
            "percent": 100,
            "hz": 144
        }        
    ]
}
