{
    "id": 103597940,
    "name": "Walmart Speedrun ",
    "author": "Inker",
    "creators": [],
    "verifier": "Inker",
    "verification": "https://youtu.be/CyG5T6_SG-4?si=HhFppqVoWsReG2gg",
    "percentToQualify": 100,
    "refreshRates": "60",
    "song-title": "Guitar vs Piano by Goukisan",
    "records": [
        {
            "user": "NotDragon",
            "link": "https://youtu.be/1tOKpfi3o3U?si=-_DpuQ0zcMvYmMGU",
            "percent": 100,
            "hz": 60
        },
        {
            "user": "Editorial",
            "link": "https://youtu.be/Y5i2M3dONjY",
            "percent": 100,
            "hz": 360
        }
    ]
}
