{
    "id": 102130752,
    "name": "Walmart Shipping",
    "author": "Ultrobro",
    "creators": ["Ultrobro"],
    "verifier": "Editorial",
    "verification": "https://youtu.be/iyAUvwhVKEU",
    "percentToQualify": "100",
    "refreshRates": "",
    "song-title": "Xkore - Event Horizon",
    "records": [
          {
            "user": "huntzz",
            "link": "https://www.youtube.com/watch?v=Se2JGcEelc4",
            "percent": 100,
            "hz": 360
          },
        {
            "user": "limitationn",
            "link": "https://youtu.be/niPLthHnoAM?si=osAQne_9is4H84Nw",
            "percent": 100,
            "hz": 360
        },
        {
          "user": "TacoJed",
          "link": "https://youtu.be/niPLthHnoAM?si=osAQne_9is4H84Nw",
          "percent": 100,
          "hz": 240
      },
      {
        "user": "ImGummy2",
        "link": "https://www.youtube.com/watch?v=-AyERKQfpJg",
        "percent": 100,
        "hz": 144
      },
        {
        "user": "NotDragon",
        "link": "https://www.youtube.com/watch?v=KMgewH2uBTE",
        "percent": 100,
        "hz": 720
      },
      {
            "user": "yama",
            "link": "https://www.youtube.com/watch?v=7N3VMWo3mCo",
            "percent": 100,
            "hz": 240
      },
      {
            "user": "KazakiPL",
            "link": "https://www.youtube.com/watch?v=-2_9OSbWnko",
            "percent": 100,
            "hz": 144
      }
       
    ]
}
