{
    "id": 101905456,
    "name": "Walmart Gregregation",
    "author": "Ultrobro",
    "creators": ["Ultrobro", "Cluncherp"],
    "verifier": "Editorial",
    "verification": "https://youtu.be/vo0dhY6_Ibw",
    "percentToQualify": 100,
    "refreshRates": "",
    "song-title": "Koraii - Purgatori",
    "records": [

        {
            "user": "comic",
            "link": "https://m.youtube.com/watch?v=lUT3mfWDNPU",
            "percent": 100,
            "hz": 60
        },
        {
            "user": "ImGummy2",
            "link": "https://youtu.be/BUc2wMS_agI",
            "percent": 100,
            "hz": 144
        },
        {
            "user": "DizzyFlakes",
            "link": "https://youtu.be/3Rqoe0lK2cI",
            "percent": 100,
            "hz": 300
        },
        {
            "user": "limitationn",
            "link": "https://www.youtube.com/watch?v=ts-BqCr0CgY",
            "percent": 100,
            "hz": 240
        },
        {
            "user": "TacoJed",
            "link": "https://youtu.be/CgQWJnYKD0k?si=Zwd87uX2FSpeu-Oq",
            "percent": 100,
            "hz": 240
        },
        {
            "user": "GeniusPlayer",
            "link": "https://www.youtube.com/watch?v=aMyp4FVJzCc",
            "percent": 100,
            "hz": 360
        },
        {
            "user": "NotDragon",
            "link": "https://www.youtube.com/watch?v=pJTCaKQ9WwE",
            "percent": 100,
            "hz": 720
        },
        {
            "user": "KazakiPL", 
            "link": "https://www.youtube.com/watch?v=4sKc5Tmmlf4",
            "percent": 100,
            "hz": 144
        },   
        {
            "user": "yama",
            "link": "https://www.youtube.com/watch?v=a6Hmvg-1LpQ",
            "percent": 100,
            "hz": 240
        },
        {
            "user": "IIoinc",
            "link": "https://www.youtube.com/watch?v=CKqbbW0MnCk",
            "percent": 100,
            "hz": 120
        },
        {
            "user": "JonVinicrafts",
            "link": "https://youtu.be/uD5jMhFU9bY",
            "percent": 100,
            "hz": 60
        }
    ]
}
