{
    "id": 102965410,
    "name": "Walmart Dialect",
    "author": "Vanious",
    "creators": [],
    "verifier": "Vanious",
    "verification": "https://www.youtube.com/watch?v=VuBPCA0IWu0",
    "percentToQualify": 100,
    "refreshRates": "any",
    "song-title": "tvroom - Say It Back",
    "records": [  

        {
            "user": "Editorial",
            "link": "https://www.youtube.com/watch?v=Wkxy3-YRyQY&ab_channel=Editorialt&t=1m22s",
            "percent": 100,
            "hz": 360
        },
        {
            "user": "NotDragon",
            "link": "https://www.youtube.com/watch?v=pzCsml2vsko",
            "percent": 100,
            "hz": 720
        }


              ]
}
