{
    "id": 102910907,
    "name": "Walmart House",
    "author": "zZealous",
    "creators": ["zZealous"],
    "verifier": "NotDragon",
    "verification": "https://www.youtube.com/watch?v=eUEculqJNDg",
    "percentToQualify": 100,
    "refreshRates": "240, no bypass",
    "song-title": "CRIM3S - lost",
    "records": [

        {
            "user": "ULTRALIGHTGD",
            "link": "https://www.youtube.com/watch?v=hj_IfxIDRq0",
            "percent": 100,
            "hz": 240
        },
        {
            "user": "zonkers",
            "link": "https://www.youtube.com/watch?v=xP_2qCROoTU&ab_channel=KawaqiiV2",
            "percent": 100,
            "hz": 240
        }
      
    ]
}
