{
    "id": 103012711,
    "name": "Walmart Crack",
    "author": "zZealous",
    "creators": ["zZealous"],
    "verifier": "Vanious",
    "verification": "https://www.youtube.com/watch?v=hw22_H_naFA",
    "percentToQualify": 100,
    "refreshRates": "Any",
    "song-title": "I Sell Crack",
    "records": [
          {
            "user": "huntzz",
            "link": "https://www.youtube.com/watch?v=ds7gKGwFuuo",
            "percent": 100,
            "hz": 240
          },
        {
            "user": "NotDragon",
            "link": "https://www.youtube.com/watch?v=_spjz4DrB5U",
            "percent": 100,
            "hz": 720
          },
           {
            "user": "KazakiPL",
            "link": "https://www.youtube.com/watch?v=DJlTzxVrYaU",
            "percent": 100,
            "hz": 144
          },
        {
            "user": "yama",
            "link": "https://www.youtube.com/watch?v=vBmyJ8FEnlw",
            "percent": 100,
            "hz": 240
          },
        {
            "user": "limitationn", 
            "link": "https://youtu.be/K3pL3hYeYyA?si=rPHSs45R0GSEUOSZ",
            "percent": 100,
            "hz": 360
        },
        {
          "user": "Editorial", 
          "link": "https://youtu.be/QYrmAAFHiSQ",
          "percent": 100,
          "hz": 360
      }
     
       
    ]
}
