{
    "id": 98482388,
    "name": "Walmart Avengance",
    "author": "Ultrobro",
    "creators": ["Trilism"],
    "verifier": "Editorial",
    "verification": "https://youtu.be/tqiJDxsA4jo",
    "percentToQualify": 100,
    "refreshRates": "",
    "song-title": "nplsm - return (slowed)",
    "records": [
        {
            "user": "SlendStone",
            "link": "https://www.youtube.com/watch?v=idp2_REy0lc",
            "percent": 100,
            "hz": 240
        }

          

        
    ]
}
