{
    "id": 102077818,
    "name": "Walmart Free",
    "author": "Vanious",
    "creators": [],
    "verifier": "Vanious",
    "verification": "https://youtu.be/njJjDsCOCj4 ",
    "percentToQualify": 100,
    "refreshRates": "",
    "song-title": "DJVI - Back on Track",
    "records": [    
        
      {
            "user": "Editorial",
            "link": "https://youtu.be/ontFAoCo_II",
            "percent": 100,
            "hz": 360
        },        
      {
            "user": "Tacojed",
            "link": "https://www.youtube.com/watch?v=Na7IlMmXPxU",
            "percent": 100,
            "hz": 240
        }


    ]
}
