{
    "id": 102825770,
    "name": "Walmart Day Trip",
    "author": "Masss",
    "creators": [],
    "verifier": "Masss",
    "verification": "https://www.youtube.com/watch?v=5fO_jQAvHkE",
    "percentToQualify": 100,
    "refreshRates": "any",
    "song-title": "a crazy balkan gypsy",
    "records": [
        
        {
            "user": "Editorial",
            "link": "https://www.youtube.com/watch?v=Wkxy3-YRyQY&ab_channel=Editorialt&t=2m17s",
            "percent": 100,
            "hz": 360
        },
        {
            "user": "NotDragon",
            "link": "https://www.youtube.com/watch?v=JcqVfVHxU4Y",
            "percent": 100,
            "hz": 720
        }

        
    ]
}
