{
    "id": 102785556,
    "name": "Walmart Vanious",
    "author": "TacoJed",
    "creators": [],
    "verifier": "TacoJed",
    "verification": "https://www.youtube.com/watch?v=9oFmn0arMh0",
    "percentToQualify": "100",
    "refreshRates": "Any",
    "song-title": "Ash In The Sun - Vundabar",
    "records": [
        {
            "user": "Editorial",
            "link": "https://www.youtube.com/watch?v=Wkxy3-YRyQY&ab_channel=Editorialt&t=2m39s",
            "percent": 100,
            "hz": 360
            
        }
    ]
}
