{
    "id": 102036180,
    "name": "Walmart Pneumonia",
    "author": "huntzz",
    "creators": [],
    "verifier": "huntzz",
    "verification": "https://www.youtube.com/watch?v=b90UuVtK_2Y",
    "percentToQualify": 100,
    "refreshRates": "",
    "song-title": "Mega Man 2 - Woodman",
    "song-link": "https://cdn.discordapp.com/attachments/1213917728788717609/1215193015187152916/35491.mp3?ex=65fbdbb0&is=65e966b0&hm=b7a58bcad6abfcf61dee18b74139775410baccbe2da135d93562b4f5eb63d77a&",
    "records": [
        {
            "user": "Editorial",
            "link": "https://youtu.be/6keqUexCh6E",
            "percent": 100,
            "hz": 360
        },
          {
            "user": "Vanious",
            "link": "https://www.youtube.com/watch?v=kpPPE591rC4",
            "percent": 100,
            "hz": 240
        },
        {
            "user": "limitationn",
            "link": "https://www.youtube.com/watch?v=dlNxuGdinuo",
            "percent": 100,
            "hz": 360
        },
         {
            "user": "NotDragon",
            "link": "https://www.youtube.com/watch?v=BM4VQxVWc5E",
            "percent": 100,
            "hz": 720
        },
        {
            "user": "KazakiPL", 
            "link": "https://www.youtube.com/watch?v=J2Hq-KOpmrM",
            "percent": 100,
            "hz": 144
        }
    ]
}
