{
    "id": 101825691,
    "name": "Walmart Tidal Wave",
    "author": "huntzz",
    "creators": [],
    "verifier": "huntzz",
    "verification": "https://www.youtube.com/watch?v=g7pZlU5b-t4",
    "percentToQualify": 100,
    "refreshRates": "",
    "song-title": "Shiawase - Dion Timmer",
    "song-link": "https://cdn.discordapp.com/attachments/1213917728788717609/1214396638181851136/1266014.mp3?ex=65f8f600&is=65e68100&hm=8e6c733bf2f50ee82b559d3300d5a3b12e5d752818dbbd5dcfbd66b3aaafc19e&",
    "records": [
      {
            "user": "Editorial",
            "link": "https://www.youtube.com/watch?v=vLgFQYk6gY0&ab_channel=Editorial%5BGD%5D",
            "percent": 100,
            "hz": 360
        },
        {
            "user": "sphericle",
            "link": "https://youtu.be/qV4k_HT3fPU",
            "percent": 100,
            "hz": 240
        },
        {
            "user": "skiptracingclub",
            "link": "https://youtu.be/mrRiBKuSiXM",
            "percent": 100,
            "hz": 240
        },
        {
            "user": "vanious",
            "link": "https://youtu.be/h9EnLA39jzo",
            "percent": 100,
            "hz": 240
        },
        {
            "user": "limitationn",
            "link": "https://youtu.be/ZNuMRP0N9Z8?si=T3XGMDTdVm8mTWBn",
            "percent": 100,
            "hz": 360
        },
        {
            "user": "TacoJed",
            "link": "https://www.youtube.com/watch?v=iQY3n6Ybuxs",
            "percent": 100,
            "hz": 240
        },
        {
            "user": "DizzyFlakes",
            "link": "https://www.youtube.com/watch?v=0tSdSDQPXII",
            "percent": 100,
            "hz": 300
        },
        {
            "user": "KazakiPL",
            "link": "https://www.youtube.com/watch?v=PuKgD-WLbGU",
            "percent": 100,
            "hz": 144
       },
       {
            "user": "baixo",
            "link": "https://youtu.be/GEtgbg7SBE8",
            "percent": 100,
            "hz": 360
       },
       {
            "user": "doggo136",
            "link": "https://youtu.be/IVfZ2fWLDws",
            "percent": 100,
            "hz": 999
       }
    ]
}

