{
    
    "id": 103898000,
    "name": "Walmart Blade",
    "author": "zZealous",
    "creators": ["zZealous"],
    "verifier": "zZealous",
    "verification": "https://www.youtube.com/watch?v=Vp5-RQ9G-vw&ab_channel=zel",
    "percentToQualify": 100,
    "refreshRates": "Any",
    "song-title": "I Love 2",
    "records": [
        {
            "user": "NotDragon",
            "link": "https://www.youtube.com/watch?v=XuLvha15j8U",
            "percent": 100,
            "hz": 360
        }
 ]
}
