{
    "id": 102351034,
    "name": "Walmart Filler",
    "author": "Vanious",
    "creators": [],
    "verifier": "Vanious",
    "verification": "https://youtu.be/OHWPV4rQ7mc",
    "percentToQualify": 100,
    "refreshRates": "",
    "song-title": "Xorberax - <Loop>",
    "records": [

         {
            "user": "Editorial",
            "link": "https://youtu.be/L2ycSD0dZjE",
            "percent": 100,
            "hz": 360
        },
        {
            "user": "TacoJed",
            "link": "https://www.youtube.com/watch?v=nMn-e8n4qrY",
            "percent": 100,
            "hz": 240
        }
        
    ]
}
