{
    "id": 102397574,
    "name": "Walmart Yellow",
    "author": "Vanious",
    "creators": [],
    "verifier": "Vanious",
    "verification": "https://youtu.be/AEDoJETHego",
    "percentToQualify": 100,
    "refreshRates": "240, no bypass",
    "song-title": "Akaruhime - Lofi Stupidity",
    "records": [    
        
      {
            "user": "TacoJed",
            "link": "https://www.youtube.com/watch?v=IGpjA-cwXog",
            "percent": 100,
            "hz": 240
        },
        {
            "user": "limitationn",
            "link": "https://youtu.be/ueTJJK59So4?si=M0SbPzZOTDfQuGrd",
            "percent": 100,
            "hz": 240
        },
        {
            "user": "DizzyFlakes",
            "link": "https://youtu.be/d8Mr6S_hHmo",
            "percent": 100,
            "hz": 240
        },
        {
            "user": "CxGD",
            "link": "https://www.youtube.com/watch?v=3Lo4qnl317E",
            "percent": 100,
            "hz": 360
        },
        {
            "user": "NotDragon",
            "link": "https://www.youtube.com/watch?v=HJHyd4V8IJg",
            "percent": 100,
            "hz": 720
        },
        {
            "user": "wwplaymc1207",
            "link": "https://youtu.be/J_w3CiIf-As",
            "percent": 100,
            "hz": 240
        },
        {
            "user": "zZealous",
            "link": "https://www.youtube.com/watch?v=7pbcxQZIcIk",
            "percent": 100,
            "hz": 720
        },
        {
            "user": "zonkers",
            "link": "https://www.youtube.com/watch?v=ihZ5B6wl39c",
            "percent": 100,
            "hz": 240
        },
        {
            "user": "FATN1GCA23",
            "link": "https://www.youtube.com/watch?v=XnEkejNrjc0",
            "percent": 100,
            "hz": 360
        }
        


    ]
}
