
{
    "id": 103598446,
    "name": "Walmart Rose Party",
    "author": "zonkersreal",
    "creators": [],
    "verifier": "zonkers",
    "verification": "https://www.youtube.com/watch?v=xOplhaP26DE",
    "percentToQualify": 100,
    "refreshRates": "Any",
    "song-title": "A Crazy Balkan Gypsy",
    "records": [
        {
            "user": "NotDragon",
            "link": "https://www.youtube.com/watch?v=MG-SBGBieK4",
            "percent": 100,
            "hz": 720
        }
    ]
}
