{
    "id": 102898741,
    "name": "Walmart Circles",
    "author": "zZealous",
    "creators": ["zZealous"],
    "verifier": "NotDragon",
    "verification": "https://www.youtube.com/watch?v=QPTVR-KtwUQ&ab_channel=IINotDragonII",
    "percentToQualify": "100",
    "refreshRates": "Any",
    "song-title": "NK - Poltergeist (OLD mix)",
    "records": [
        {
            "user": "Vanious",
            "link": "https://www.youtube.com/watch?v=Kr8zN3W97TY",
            "percent": 100,
            "hz": 360
        },
        {
            "user": "Editorial",
            "link": "https://www.youtube.com/watch?v=Wkxy3-YRyQY&ab_channel=Editorialt&t=0m29s",
            "percent": 100,
            "hz": 360
        },
        {
            "user": "limitationn", 
            "link": "https://youtu.be/O7UinvFyWAc?si=RLVxztrBMMS9Af-q",
            "percent": 100,
            "hz": 360
        },
        {
            "user": "KazakiPL",
            "link": "https://www.youtube.com/watch?v=7xauqjIVUEs",
            "percent": 100,
            "hz": 144
        }
    ]
}
