{
    "id": 102242228,
    "name": "Walmart Intro",
    "author": "Comic",
    "creators": [],
    "verifier": "Comic",
    "verification": "https://youtu.be/1heDpNhP6UM?si=RyFM1m-03iZP8H0r",
    "percentToQualify": 100,
    "refreshRates": "",
    "song-title": "Thefatrat - Xenogenesis",
    "records": [    
        
      
        
          {
            "user": "Editorial",
            "link": "https://youtu.be/xxYfJveyJLA",
            "percent": 100,
            "hz": 360
        },
        {
            "user": "huntzz",
            "link": "https://youtu.be/k_pkpjgK_fQ",
            "percent": 100,
            "hz": 360
        },
        {
            "user": "ImGummy2",
            "link": "https://youtu.be/dYfLvPuM4pQ",
            "percent": 100,
            "hz": 144
        },
        {
            "user": "Eggothediego",
            "link": "https://youtu.be/J-gViGyhKkU?si=d3Nc81SNQAyzdUO_ ",
            "percent": 100,
            "hz": 60
        },
        {
            "user": "DizzyFlakes",
            "link": "https://clips.twitch.tv/HappyBloodyFriseeChefFrank-xye31yE3f2_kVnNw",
            "percent": 100,
            "hz": 240
        },
        {
            "user": "limitationn",
            "link": "https://www.youtube.com/watch?v=xUZGg0zs20U",
            "percent": 100,
            "hz": 240
        },
        {
            "user": "Bagel",
            "link": "https://youtu.be/VmjcwVMJl2k?si=SD97Nw2yG6Ww9KN",
            "percent": 100,
            "hz": 240
        },
        {
            "user": "NotDragon",
            "link": "https://www.youtube.com/watch?v=bCZbnwFwF6k",
            "percent": 100,
            "hz": 720
        },
        {
            "user": "CxGD",
            "link": "https://www.youtube.com/watch?v=nssyEk7p9aY",
            "percent": 100,
            "hz": 360
        },
        {
            "user": "forkpic",
            "link": "https://www.youtube.com/watch?v=KDahak7kPxQ",
            "percent": 100,
            "hz": 60
        },
        {
            "user": "KazakiPL",
            "link": "https://www.youtube.com/watch?v=7K1xNKGsVwc",
            "percent": 100,
            "hz": 144
        },
        {
            "user": "IIoinc",
            "link": "https://www.youtube.com/watch?v=gqZdWUD0XnE",
            "percent": 100,
            "hz": 120
        },
        {
            "user": "aciemru",
            "link": "https://www.youtube.com/watch?v=CVtEiVSX0MI",
            "percent": 100,
            "hz": 480
        },
        {
            "user": "0fko",
            "link": "https://www.youtube.com/watch?v=2sQ9bMr0WYM",
            "percent": 100,
            "hz": 360
        },
        {
            "user": "RealOskarGD",
            "link": "https://www.youtube.com/watch?v=es8E8sXAExg",
            "percent": 100,
            "hz": 180
        },
        {
            "user": "plasma_fr",
            "link": "https://youtu.be/21Sv9QJs2KY",
            "percent": 100,
            "hz": 240
        },
        {
            "user": "FATN1GCA23",
            "link": "https://www.youtube.com/watch?v=Q057iZTCaEk",
            "percent": 100,
            "hz": 360
        },
        {
            "user": "JonVinicrafts",
            "link": "https://www.youtube.com/watch?v=lJJ2h6_X1Tw",
            "percent": 100,
            "hz": 60
        },
        {
            "user": "Nadi",
            "link": "https://www.youtube.com/watch?v=7WcU1gEm808",
            "percent": 100,
            "hz": 240
        },
        {
            "user": "doggo136",
            "link": "https://youtu.be/wWlzgABDoSQ?si=UemY5Rg13IaZaAF8&t=11",
            "percent": 100,
            "hz": 999
        }
            
        
    ]
}
