{
    "id": 102312500,
    "name": "Walmart HuntzZealous",
    "author": "huntzz",
    "creators": ["huntzz","zZealous"],
    "verifier": "huntzz",
    "verification": "https://youtu.be/1CrhjkTXlg0?si=9cxiGbwtjFDsEPko",
    "percentToQualify": 100,
    "refreshRates": "",
    "song-title": "Creo - Crazy",
    "records": [
       {
                       "user": "zonkers",
            "link": "https://www.youtube.com/watch?v=c7yBCLKzCdY",
            "percent": 100,
            "hz": 240
       }        
    ]
}
