{
    "id": 103372673,
    "name": "Walmart LSD",
    "author": "huntzz",
    "creators": ["huntzz"],
    "verifier": "TacoJed",
    "verification": "https://youtu.be/_dFJE0Azyyg?si=0IX5wOFh334uxcn3",
    "percentToQualify": 100,
    "refreshRates": "240, no physics bypass",
    "song-title": "I Sell Crack",
    "records": [
        {
                        "user": "zonkers",
            "link": "https://www.youtube.com/watch?v=54sgwVjmwL4",
            "percent": 100,
            "hz": 240
        }        
    ]
}
