{
    "id": 96372551,
    "name": "Walmart Maze",
    "author": "Mini",
    "creators": [],
    "verifier": "Mini",
    "verification": "https://youtu.be/NxznksqCalc?si=JkKqLbk0G_HmYRr4",
    "percentToQualify": 100,
    "refreshRates": "",
    "song-title": "Firebanesword - Dark Nights, Darker Dawns",
    "records": [
        {
            "user": "Editorial",
            "link": "https://youtu.be/qjJxm9JnpcI",
            "percent": 100,
            "hz": 360
        },
        
        {
            "user": "huntzz",
            "link": "https://youtu.be/v4z4xnAwOz0",
            "percent": 100,
            "hz": 360
        },
        {
            "user": "TacoJed",
            "link": "https://youtu.be/CuK_l4uVOyo",
            "percent": 100,
            "hz": 240
        },
         {
            "user": "ImGummy2",
            "link": "https://www.youtube.com/watch?v=tqnGZ1J-9Uo",
            "percent": 100,
            "hz": 144
        },
        {
            "user": "KazakiPL",
            "link": "https://www.youtube.com/watch?v=EplYKRFG81E",
            "percent": 100,
            "hz": 144
        },
        {
            "user": "NotDragon", 
            "link": "https://www.youtube.com/watch?v=ZZc-WVTwT_M",
            "percent": 100,
            "hz": 720
        },
        {
            "user": "IIoinc",
            "link": "https://www.youtube.com/watch?v=9BQTMcHSbl4",
            "percent": 100,
            "hz": 120
        }
    ]
}
