{
    "id": 95977296,
    "name": "Walmart Jumpscared",
    "author": "Bannanabunz",
    "creators": [],
    "verifier": "Bannanabunz",
    "verification": "https://www.youtube.com/watch?v=UivXL-Mz8FE",
    "percentToQualify": 100,
    "refreshRates": "",
    "song-title": "Koraii - Purgatori",
    "records": [
        
        
         {
            "user": "Editorial",
            "link": "https://youtu.be/52Cf542sXyI",
            "percent": 100,
            "hz": 360,
            "mobile": false
        },
        {
            "user": "TacoJed",
            "link": "https://www.youtube.com/watch?v=z3YGHx5uKLY",
            "percent": 100,
            "hz": 240,
            "mobile": false
        },
        {
            "user": "CxGD",
            "link": "https://www.youtube.com/watch?v=IAKwzq6ZjbQ",
            "percent": 100,
            "hz": 480,
            "mobile": false
        },
        {
            "user": "limitationn",
            "link": "https://www.youtube.com/watch?v=TbbgmZ9drT8",
            "percent": 100,
            "hz": 240,
            "mobile": false
        },
        {
            "user": "yama",
            "link": "https://www.youtube.com/watch?v=q3PHzH_wLNE",
            "percent": 100,
            "hz": 240
        },
        {
            "user": "Eggothediego",
            "link": "https://www.youtube.com/watch?v=bFoiBRVVGQ8",
            "percent": 100,
            "hz": 60,
            "mobile": "true"
        },
        {
            "user": "NotDragon",
            "link": "https://www.youtube.com/watch?v=Dk9xkjM8Bi8",
            "percent": 100,
            "hz": 720
        },
        {
            "user": "doggo136",
            "link": "https://youtu.be/wWlzgABDoSQ?si=n4HVoI_4KR20cf5K&t=111",
            "percent": 100,
            "hz": 240
        },
        {
            "user": "zonkers",
            "link": "https://www.youtube.com/watch?v=4IuwRpdmK8w",
            "percent": 100,
            "hz": 240
        }
    ]
}
