{
    
    "id": 102785169,
    "name": "Walmart Club",
    "author": "CxGD",
    "creators": [""],
    "verifier": "CxGD",
    "verification": "https://youtu.be/6N_-ZEnDWOk",
    "percentToQualify": 100,
    "refreshRates": "any",
    "song-title": "Club Step",
    "records": [
        {
            "user": "NotDragon",
            "link": "https://www.youtube.com/watch?v=IVp5yOZM57k",
            "percent": 100,
            "hz": 720
        },
        {
            "user": "zonkers",
            "link": "https://www.youtube.com/watch?v=QIr6kEpEedw",
            "percent": 100,
            "hz": 240
        }
        
    ]
}
