{
    
    "id": 103899313,
    "name": "Walmart Bryce",
    "author": "zZealous",
    "creators": ["zZealous"],
    "verifier": "zZealous",
    "verification": "https://www.youtube.com/watch?v=7lxH9JcKRKQ&ab_channel=zel",
    "percentToQualify": 100,
    "refreshRates": "any",
    "song-title": "Back On Track - DJVI",
    "records": [
        
        {
            "user": "Editorial",
            "link": "https://www.youtube.com/watch?v=dNNe7dke9ys",
            "percent": 100,
            "hz": 360
        },
        {
            "user": "NotDragon",
            "link": "https://www.youtube.com/watch?v=V9bHIMON6qA",
            "percent": 100,
            "hz": 720
        }

    ]
}
