{
    "id": 103240085,
    "name": "Walmart Happy",
    "author": "Klayfizh",
    "creators": ["Klayfizh"],
    "verifier": "Serpentical",
    "verification": "https://youtu.be/f-v_1YgqTr8?si=gNygFqdrC9ZsOChj",
    "percentToQualify": 100,
    "refreshRates": "Any",
    "song-title": "No Escape - Djjaner",
    "records": [

        {
            "user": "DizzyFlakes",
            "link": "https://www.youtube.com/watch?v=euBwtjsSkT8",
            "percent": 100,
            "hz": 300
        },
        {
            "user": "KazakiPL",
            "link": "https://youtu.be/6yIfnQmnEqE",
            "percent": 100,
            "hz": 144
        },
        {
            "user": "NotDragon",
            "link": "https://www.youtube.com/watch?v=HLT60vaq8uo",
            "percent": 100,
            "hz": 720
        }
      
    ]
}
