{
    "id": 102567601,
    "name": "Walmart Toothbrush",
    "author": "Vanious",
    "creators": [],
    "verifier": "Vanious",
    "verification": "https://youtu.be/WHmW_gjXkuw",
    "percentToQualify": 100,
    "refreshRates": "",
    "song-title": "Six Impala - LOVELOVELOVELOVELOVELOVE",
    "records": [
        {
            "user": "limitationn",
            "link": "https://www.youtube.com/watch?v=GfY2hfs7VCo&ab_channel=limitation",
            "percent": 100,
            "hz": 360
        },
        {
            "user": "TacoJed",
            "link": "https://www.youtube.com/watch?v=Z1fs4DD9uoA",
            "percent": 100,
            "hz": 240
        },
        {
            "user": "DizzyFlakes",
            "link": "https://www.youtube.com/watch?v=CRSnPTPo8_M",
            "percent": 100,
            "hz": 300
        },
        {
            "user": "ballslover32",
            "link": "https://youtu.be/aSH-uMqTFB4?si=C6Aq1ukE9f-AGJkl",
            "percent": 100,
            "hz": 240
        }
    ]
         
        
    
}
