{
    "id": 96767001,
    "name": "Walmart Fun",
    "author": "huntzz",
    "creators": [],
    "verifier": "huntzz",
    "verification": "https://youtu.be/70oE3saaGhY",
    "percentToQualify": 100,
    "refreshRates": "",
    "song-title": "Dry - Breakbob Sponge-Core",
    "records": [
    
         {
            "user": "Editorial",
            "link": "https://youtu.be/uc5coUDhCqk",
            "percent": 100,
            "hz": 360
        },
        {
            "user": "skiptracingclub",
            "link": "https://youtu.be/mrRiBKuSiXM",
            "percent": 100,
            "hz": 240
        },
        {
            "user": "sphericle",
            "link": "https://youtu.be/d2duGTbdc2M",
            "percent": 100,
            "hz": 240
        },
        {
            "user": "TacoJed",
            "link": "https://www.youtube.com/watch?v=MRx328S-LpY",
            "percent": 100,
            "hz": 240
        },
        {
            "user": "comic",
            "link": "https://m.youtube.com/watch?v=lUT3mfWDNPU",
            "percent": 100,
            "hz": 60
        },
        {
            "user": "DizzyFlakes",
            "link": "https://www.youtube.com/watch?v=DZxIYCkFBA4",
            "percent": 100,
            "hz": 300
        },
        {
            "user": "limitationn",
            "link": "https://www.youtube.com/watch?v=PtTs8llvuAA",
            "percent": 100,
            "hz": 240
        },
        {
            "user": "NotDragon",
            "link": "https://www.youtube.com/watch?v=ABpl5hzOJQQ",
            "percent": 100,
            "hz": 720
        },
        {
            "user": "KazakiPL",
            "link": "https://www.youtube.com/watch?v=T9nSpB1a_64",
            "percent": 100,
            "hz": 144
       },
       {
            "user": "doggo136",
            "link": "https://youtu.be/wWlzgABDoSQ?si=QdpRC1Odtc43-Syk&t=71",
            "percent": 100,
            "hz": 999
       },
       {
            "user": "zonkers",
            "link": "https://www.youtube.com/watch?v=Qog070G26Gs",
            "percent": 100,
            "hz": 240
       }
    ]
}
