{
    "id": 103256932,
    "name": "Walmart Unnamed 0",
    "author": "aciemru",
    "creators": [],
    "verifier": "aciemru",
    "verification": "https://www.youtube.com/watch?v=Ule8P4M77f8",
    "percentToQualify": 100,
    "refreshRates": "any",
    "records": [

        {
            "user": "limitationn",
            "link": "https://www.youtube.com/watch?v=TGdki_P8Bf0",
            "percent": 100,
            "hz": 788
        },
        {
            "user": "NotDragon",
            "link": "https://www.youtube.com/watch?v=tVFj76buJTc",
            "percent": 100,
            "hz": 720
        },
        {
            "user": "Editorial", 
            "link": "https://youtu.be/QYrmAAFHiSQ",
            "percent": 100,
            "hz": 360
        },
        {
            "user": "KazakiPL", 
            "link": "https://www.youtube.com/watch?v=vcIcOX7dFsE",
            "percent": 100,
            "hz": 144
        },
        {
            "user": "TacoJed", 
            "link": "https://www.youtube.com/watch?v=bvhSuFRnUSU",
            "percent": 100,
            "hz": 240
        },
        {
            "user": "ImGummy2", 
            "link": "https://youtu.be/SEuPM_OBZBo",
            "percent": 100,
            "hz": 144
        }

        
    ]
}
