{
    "id": 102495984,
    "name": "Walmart Weed",
    "author": "TacoJed",
    "creators": [],
    "verifier": "TacoJed",
    "verification": "https://www.youtube.com/watch?v=heR6fGfVpOY",
    "percentToQualify": "100",
    "refreshRates": "",
    "song-title": "TV Girl - Taking What's Not Yours",
    "records": [
        
        {
            "user": "skiptracingclub",
            "link": "https://youtu.be/mrRiBKuSiXM",
            "percent": 100,
            "hz": 240
        },
        {
            "user": "Editorial",
            "link": "https://www.youtube.com/watch?v=Wkxy3-YRyQY&ab_channel=Editorialt&t=1m10s",
            "percent": 100,
            "hz": 360
        },
        {
            "user": "NotDragon",
            "link": "https://www.youtube.com/watch?v=Zc4Q8OspH98",
            "percent": 100,
            "hz": 720
        }
    ]
}
