{
    
    "id": 103393119,
    "name": "Walmart Destiny",
    "author": "zZealous",
    "creators": ["zZealous"],
    "verifier": "NotDragon",
    "verification": "https://www.youtube.com/watch?v=W0-fFm__oJg",
    "percentToQualify": 100,
    "refreshRates": "any",
    "song-title": "Goukisan - Betrayal of Fear",
    "records": [
        {
            "user": "CxGD",
            "link": "https://youtu.be/Wc5yJZst6tk",
            "percent": 100,
            "hz": 360
        },
        {
            "user": "doggo136",
            "link": "https://youtu.be/wWlzgABDoSQ?si=MsS1OqUAyn5nzS-F&t=99",
            "percent": 100,
            "hz": 240
        }

    ]
}
