{
    "id": 102396139,
    "name": "Walmart Blue",
    "author": "TacoJed",
    "creators": [],
    "verifier": "TacoJed",
    "verification": " https://www.youtube.com/watch?v=SBd8fBYbefw",
    "percentToQualify": "100",
    "refreshRates": "Any",
    "song-title": "Open Anus",
    "records": [
        {
            "user": "Editorial",
            "link": "https://www.youtube.com/watch?v=Wkxy3-YRyQY&ab_channel=Editorialt&t=3m15s",
            "percent": 100,
            "hz": 360
            
        }
    ]
}
