{
    "id": 98625204,
    "name": "Walmart Acute",
    "author": "Ultrobro",
    "creators": ["Ultrobro"],
    "verifier": "Editorial",
    "verification": "https://youtu.be/QHr7cTwH47U",
    "percentToQualify": "100",
    "refreshRates": "",
    "song-title": "Creo - Epilogue",
    "records": [
        
        {
            "user": "skiptracingclub",
            "link": "https://youtu.be/mrRiBKuSiXM",
            "percent": 100,
            "hz": 240
        },
        {
            "user": "CxGD",
            "link": "https://youtu.be/Cqc-JihXwbg",
            "percent": 100,
            "hz": 360
        },
        {
            "user": "NotDragon",
            "link": "https://www.youtube.com/watch?v=lK4oX5neErU",
            "percent": 100,
            "hz": 720
        },
        {
            "user": "yama",
            "link": "https://www.youtube.com/watch?v=FOHol-3bDOw",
            "percent": 100,
            "hz": 240
          },
        {
            "user": "KazakiPL",
            "link": "https://www.youtube.com/watch?v=xpLKFKjYieY",
            "percent": 100,
            "hz": 144
        }
    ]
}
