{
    "id": 102042414,
    "name": "Walmart Terrifier 2",
    "author": "Editorial",
    "creators": [],
    "verifier": "Editorial",
    "verification": "https://youtu.be/Vf8BjTEstYI",
    "percentToQualify": 100,
    "refreshRates": "",
    "song-title": "cashiers hating their jobs as aliens rob the walmart riddim",
    "records": [
           
        {
            "user": "Vanious",
            "link": "https://youtu.be/84TBF_CqDNI",
            "percent": 100,
            "hz": 240
        },
        
         {
            "user": "TacoJed",
            "link": "https://youtu.be/84TBF_CqDNI",
            "percent": 100,
            "hz": 240
        },
        {
            "user": "DizzyFlakes",
            "link": "https://www.youtube.com/watch?v=Kh9c4N5IYNQ",
            "percent": 100,
            "hz": 300
        },
        {
            "user": "limitationn",
            "link": "https://www.youtube.com/watch?v=d855Ci4gWaE",
            "percent": 100,
            "hz": 240
        },
        {
            "user": "NotDragon",
            "link": "https://www.youtube.com/watch?v=31A_zTY9zsg",
            "percent": 100,
            "hz": 720
        },
        {
            "user": "KazakiPL",
            "link": "https://www.youtube.com/watch?v=Y9ajyVx6U1c",
            "percent": 100,
            "hz": 144
        }
        
        
        
    ]
}
