{
    "id": 95854076,
    "name": "Walmart Drugs",
    "author": "Mini",
    "creators": ["Mini"],
    "verifier": "Editorial",
    "verification": "https://youtu.be/cgiayhyLhjQ",
    "percentToQualify": 100,
    "refreshRates": "",
    "song-title": "OVC - Sleepyhead",
    "song-link": "https://cdn.discordapp.com/attachments/1213917728788717609/1214489774082228284/620888.mp3?ex=65f94cbe&is=65e6d7be&hm=555cfc68cbb1ac134f3944570f8a7d67d1880984b552abfe7329b64c380b67fc&",
    "records": [
        {
            "user": "huntzz",
            "link": "https://youtu.be/aqZ20WOTfR0",
            "percent": 100,
            "hz": 360
        },
        {
            "user": "limitationn",
            "link": "https://youtu.be/6X6ituXyDXc?si=hhF9J3tpN_Q40jIY",
            "percent": 100,
            "hz": 240
        },
        {
            "user": "TacoJed",
            "link": "https://www.youtube.com/watch?v=yGjZxSXU_oc",
            "percent": 100,
            "hz": 240
        },
        {
            "user": "DizzyFlakes",
            "link": "https://youtu.be/d8Mr6S_hHmo",
            "percent": 100,
            "hz": 300
        },
        {
            "user": "NotDragon",
            "link": "https://www.youtube.com/watch?v=uja7sCLsOG0",
            "percent": 100,
            "hz": 720
        },
        {
            "user": "KazakiPL",
            "link": "https://www.youtube.com/watch?v=IOSGBwSJOMk",
            "percent": 100,
            "hz": 144
        }
        
    ]
}
