{
    "id":102211870,
    "name": "Walmart Love",
    "author": "TacoJed",
    "creators": [],
    "verifier": "TacoJed",
    "verification": "https://www.youtube.com/watch?v=cDFkHuwxZc4",
    "percentToQualify": 100,
    "refreshRates": "",
    "song-title": "Tyler, The Creator - See You Again",
    "song-link": "https://cdn.discordapp.com/attachments/1213917728788717609/1217306996739674173/453253.mp3?ex=66038c7c&is=65f1177c&hm=2e84b0ae455022e0fb73a327ca523b15fda35212b2e8223a30c2da461a1d279a&",
    "records": [
        {
            "user": "huntzz",
            "link": "https://www.youtube.com/watch?v=hUWp98Ovg1M",
            "percent": 100,
            "hz": 360
        },
        {
            "user": "Editorial",
            "link": "https://youtu.be/HXh1NEtP_TQ",
            "percent": 100,
            "hz": 360
        },
        {
            "user": "NotDragon",
            "link": "https://www.youtube.com/watch?v=YjA5jE_jZh0",
            "percent": 100,
            "hz": 720
        }
    ]
}
