{
    "id": 102041734,
    "name": "Walmart Sayodevice",
    "author": "Editorial",
    "creators": ["Huntzz"],
    "verifier": "Editorial",
    "verification": "https://youtu.be/2w3NpQSWKfQ",
    "percentToQualify": 100,
    "refreshRates": "",
    "song-title": "NK - Poltergeist (Old Mix)",
    "records": [ 
        
        {
            "user": "Vanious",
            "link": "https://youtu.be/ygreoZDIgqg",
            "percent": 100,
            "hz": 240
        },
        {
            "user": "limitationn",
            "link": "https://www.youtube.com/watch?v=EI99E1FSGfk",
            "percent": 100,
            "hz": 360
        }
        
    ]
}
