{
    "id": 101835981,
    "name": "Walmart Retray",
    "author": "Ultrobro",
    "creators": ["Ultrobro"],
    "verifier": "Editorial",
    "verification": "https://youtu.be/1k2FqLjqRI4",
    "percentToQualify": 100,
    "refreshRates": "",
    "song-title": "Detious - Golden Haze (prev)",
    "records": [
        {
            "user": "skiptracingclub",
            "link": "https://youtu.be/mrRiBKuSiXM",
            "percent": 100,
            "hz": 240
        },
        {
            "user": "huntzz",
            "link": "https://youtu.be/a41XsiBpoF4?si=PAyOrbIBuEseyfOE",
            "percent": 100,
            "hz": 360
        },
        {
            "user": "TacoJed",
            "link": "https://www.youtube.com/watch?v=LmKY8qWEhFo",
            "percent": 100,
            "hz": 240
        },
        {
            "user": "Vanious",
            "link": "https://www.youtube.com/watch?v=bmdF0IVKd1o&feature=youtu.be",
            "percent": 100,
            "hz": 240
        },
        {
            "user": "CxGD",
            "link": "https://youtu.be/XowDeDW5MzY",
            "percent": 100,
            "hz": 360
        },
        {
            "user": "DizzyFlakes",
            "link": "https://www.youtube.com/watch?v=uNKivXL4kFU",
            "percent": 100,
            "hz": 240
        },
        {
            "user": "limitationn",
            "link": "https://www.youtube.com/watch?v=ko7okG_jex4",
            "percent": 100,
            "hz": 240
        },
        {
            "user": "NotDragon",
            "link": "https://www.youtube.com/watch?v=BuvUfQijVBg",
            "percent": 100,
            "hz": 720
        },
        {
            "user": "KazakiPL",
            "link": "https://www.youtube.com/watch?v=Czk5YUHDHl0",
            "percent": 100,
            "hz": 144
        },
        {
            "user": "yama",
            "link": "https://www.youtube.com/watch?v=S0pHzl7R0Eo",
            "percent": 100,
            "hz": 240
        },
        {
            "user": "0fko",
            "link": "https://www.youtube.com/watch?v=aqSFtw5EQWM",
            "percent": 100,
            "hz": 360
        },
        {
            "user": "RealOskarGD",
            "link": "https://www.youtube.com/watch?v=JRcFBGC3D8k",
            "percent": 100,
            "hz": 180
        },
        {
            "user": "doggo136",
            "link": "https://youtu.be/wWlzgABDoSQ?si=mJtr-S7tVTgAoOA5&t=49",
            "percent": 100,
            "hz": 999
        }
        
            
      
    
    ]
}
