{
    "id": 999,
    "name": "ROSE TOY GANG 🌹 ",
    "author": "ROSE TOY GANG 🌹 ",
    "creators": ["ROSE TOY GANG 🌹 "],
    "verifier": "ROSE TOY GANG 🌹 ",
    "verification": "https://cdn.discordapp.com/attachments/1187543867021602878/1227039992266756106/bigman.png?ex=6626f50b&is=6614800b&hm=4589940878991a5e1bdde0f15ad505feb1828e604d81e50f992e96264d593e32&",
    "percentToQualify": 0.01,
    "refreshRates": "ROSE TOY GANG 🌹 ",
    "song-title": "ROSE TOY GANG 🌹 ",
    "records": [
        
    ]
}
