{
    "id": 101926937,
    "name": "Walmart Katana",
    "author": "Ultrobro",
    "creators": [],
    "verifier": "Ultrobro",
    "verification": "https://youtu.be/zqRb-WIkEkU?si=LtQa8EdzR6LkAYYg",
    "percentToQualify": 56,
    "refreshRates": "Free To Copy",
    "song-title": "KzX - Stalemate",
    "records": [
        
         {
            "user": "Editorial",
            "link": "https://www.youtube.com/watch?v=rKwnm3jP7xc&ab_channel=Editorial%5BGD%5D",
            "percent": 100,
            "hz": 360
        }
        
    ]
}
